"Campaign","Ad Group","Keyword","Match type","Max CPC","Status","Campaign status","Ad group status","Final URL","Headline 1","Headline 2","Headline 3","Headline 4","Headline 5","Headline 6","Description 1","Description 2","Description 3","Path 1","Path 2","Headline 1 position"
"ScanInbox | ENG | Ireland | Desktop | EUR25","Printer SMTP","affordable smtp relay for printers","Exact","0.1","Enabled","Paused","Enabled","","","","","","","","","","","","",""
"ScanInbox | ENG | Ireland | Desktop | EUR25","Printer SMTP","cheap smtp server for printers","Exact","0.1","Enabled","Paused","Enabled","","","","","","","","","","","","",""
"ScanInbox | ENG | Ireland | Desktop | EUR25","Printer SMTP","command center rx kyocera smtp","Exact","0.1","Enabled","Paused","Enabled","","","","","","","","","","","","",""
"ScanInbox | ENG | Ireland | Desktop | EUR25","Printer SMTP","free scan to email smtp","Exact","0.1","Enabled","Paused","Enabled","","","","","","","","","","","","",""
"ScanInbox | ENG | Ireland | Desktop | EUR25","Printer SMTP","free smtp for scan to email","Exact","0.1","Enabled","Paused","Enabled","","","","","","","","","","","","",""
"ScanInbox | ENG | Ireland | Desktop | EUR25","Printer SMTP","free smtp relay for printers","Exact","0.1","Enabled","Paused","Enabled","","","","","","","","","","","","",""
"ScanInbox | ENG | Ireland | Desktop | EUR25","Printer SMTP","free smtp relay for scan to email","Exact","0.1","Enabled","Paused","Enabled","","","","","","","","","","","","",""
"ScanInbox | ENG | Ireland | Desktop | EUR25","Printer SMTP","free smtp server for scan to email","Exact","0.1","Enabled","Paused","Enabled","","","","","","","","","","","","",""
"ScanInbox | ENG | Ireland | Desktop | EUR25","Printer SMTP","google smtp for scan to email","Exact","0.1","Enabled","Paused","Enabled","","","","","","","","","","","","",""
"ScanInbox | ENG | Ireland | Desktop | EUR25","Printer SMTP","google smtp scan to email","Exact","0.1","Enabled","Paused","Enabled","","","","","","","","","","","","",""
"ScanInbox | ENG | Ireland | Desktop | EUR25","Printer SMTP","google smtp server for scan to email","Exact","0.1","Enabled","Paused","Enabled","","","","","","","","","","","","",""
"ScanInbox | ENG | Ireland | Desktop | EUR25","Printer SMTP","printer scan to email stopped working","Exact","0.1","Enabled","Paused","Enabled","","","","","","","","","","","","",""
"ScanInbox | ENG | Ireland | Desktop | EUR25","Printer SMTP","printer scan to email without computer","Exact","0.1","Enabled","Paused","Enabled","","","","","","","","","","","","",""
"ScanInbox | ENG | Ireland | Desktop | EUR25","Printer SMTP","scan directly to email without computer","Exact","0.1","Enabled","Paused","Enabled","","","","","","","","","","","","",""
"ScanInbox | ENG | Ireland | Desktop | EUR25","Printer SMTP","scan document to email online free","Exact","0.1","Enabled","Paused","Enabled","","","","","","","","","","","","",""
"ScanInbox | ENG | Ireland | Desktop | EUR25","Printer SMTP","scan from printer directly to email","Exact","0.1","Enabled","Paused","Enabled","","","","","","","","","","","","",""
"ScanInbox | ENG | Ireland | Desktop | EUR25","Printer SMTP","scan to email any email address","Exact","0.1","Enabled","Paused","Enabled","","","","","","","","","","","","",""
"ScanInbox | ENG | Ireland | Desktop | EUR25","Printer SMTP","scan to email app for android","Exact","0.1","Enabled","Paused","Enabled","","","","","","","","","","","","",""
"ScanInbox | ENG | Ireland | Desktop | EUR25","Printer SMTP","scan to email app for iphone","Exact","0.1","Enabled","Paused","Enabled","","","","","","","","","","","","",""
"ScanInbox | ENG | Ireland | Desktop | EUR25","Printer SMTP","scan to email basic authentication","Exact","0.1","Enabled","Paused","Enabled","","","","","","","","","","","","",""
"ScanInbox | ENG | Ireland | Desktop | EUR25","Printer SMTP","scan to email multiple users","Exact","0.1","Enabled","Paused","Enabled","","","","","","","","","","","","",""
"ScanInbox | ENG | Ireland | Desktop | EUR25","Printer SMTP","scan to email relay service","Exact","0.1","Enabled","Paused","Enabled","","","","","","","","","","","","",""
"ScanInbox | ENG | Ireland | Desktop | EUR25","Printer SMTP","scan to email service for printers","Exact","0.1","Enabled","Paused","Enabled","","","","","","","","","","","","",""
"ScanInbox | ENG | Ireland | Desktop | EUR25","Printer SMTP","scan to email service for small business","Exact","0.1","Enabled","Paused","Enabled","","","","","","","","","","","","",""
"ScanInbox | ENG | Ireland | Desktop | EUR25","Printer SMTP","scan to email smtp","Exact","0.1","Enabled","Paused","Enabled","","","","","","","","","","","","",""
"ScanInbox | ENG | Ireland | Desktop | EUR25","Printer SMTP","scan to email smtp auth disabled","Exact","0.1","Enabled","Paused","Enabled","","","","","","","","","","","","",""
"ScanInbox | ENG | Ireland | Desktop | EUR25","Printer SMTP","scan to email smtp provider","Exact","0.1","Enabled","Paused","Enabled","","","","","","","","","","","","",""
"ScanInbox | ENG | Ireland | Desktop | EUR25","Printer SMTP","scan to email smtp relay","Exact","0.1","Enabled","Paused","Enabled","","","","","","","","","","","","",""
"ScanInbox | ENG | Ireland | Desktop | EUR25","Printer SMTP","scan to email smtp server","Exact","0.1","Enabled","Paused","Enabled","","","","","","","","","","","","",""
"ScanInbox | ENG | Ireland | Desktop | EUR25","Printer SMTP","scan to email smtp service","Exact","0.1","Enabled","Paused","Enabled","","","","","","","","","","","","",""
"ScanInbox | ENG | Ireland | Desktop | EUR25","Printer SMTP","scan to email software for windows","Exact","0.1","Enabled","Paused","Enabled","","","","","","","","","","","","",""
"ScanInbox | ENG | Ireland | Desktop | EUR25","Printer SMTP","scan to email without computer","Exact","0.1","Enabled","Paused","Enabled","","","","","","","","","","","","",""
"ScanInbox | ENG | Ireland | Desktop | EUR25","Printer SMTP","scan to email without static ip","Exact","0.1","Enabled","Paused","Enabled","","","","","","","","","","","","",""
"ScanInbox | ENG | Ireland | Desktop | EUR25","Printer SMTP","send scanned documents directly to email","Exact","0.1","Enabled","Paused","Enabled","","","","","","","","","","","","",""
"ScanInbox | ENG | Ireland | Desktop | EUR25","Printer SMTP","shaw smtp server scan to email","Exact","0.1","Enabled","Paused","Enabled","","","","","","","","","","","","",""
"ScanInbox | ENG | Ireland | Desktop | EUR25","Printer SMTP","smtp for scan to email","Exact","0.1","Enabled","Paused","Enabled","","","","","","","","","","","","",""
"ScanInbox | ENG | Ireland | Desktop | EUR25","Printer SMTP","smtp relay for legacy printers","Exact","0.1","Enabled","Paused","Enabled","","","","","","","","","","","","",""
"ScanInbox | ENG | Ireland | Desktop | EUR25","Printer SMTP","smtp relay for scan to email","Exact","0.1","Enabled","Paused","Enabled","","","","","","","","","","","","",""
"ScanInbox | ENG | Ireland | Desktop | EUR25","Printer SMTP","smtp relay service for printers","Exact","0.1","Enabled","Paused","Enabled","","","","","","","","","","","","",""
"ScanInbox | ENG | Ireland | Desktop | EUR25","Printer SMTP","smtp scan to email","Exact","0.1","Enabled","Paused","Enabled","","","","","","","","","","","","",""
"ScanInbox | ENG | Ireland | Desktop | EUR25","Printer SMTP","smtp server for multifunction printer","Exact","0.1","Enabled","Paused","Enabled","","","","","","","","","","","","",""
"ScanInbox | ENG | Ireland | Desktop | EUR25","Printer SMTP","smtp server for office printer","Exact","0.1","Enabled","Paused","Enabled","","","","","","","","","","","","",""
"ScanInbox | ENG | Ireland | Desktop | EUR25","Printer SMTP","smtp server for scan to email","Exact","0.1","Enabled","Paused","Enabled","","","","","","","","","","","","",""
"ScanInbox | ENG | Ireland | Desktop | EUR25","Printer SMTP","smtp server for scanner","Exact","0.1","Enabled","Paused","Enabled","","","","","","","","","","","","",""
"ScanInbox | ENG | Ireland | Desktop | EUR25","Printer SMTP","smtp server scan to email","Exact","0.1","Enabled","Paused","Enabled","","","","","","","","","","","","",""
"ScanInbox | ENG | Ireland | Desktop | EUR25","Printer SMTP","smtp service for office scanners","Exact","0.1","Enabled","Paused","Enabled","","","","","","","","","","","","",""
"ScanInbox | ENG | Ireland | Desktop | EUR25","Printer SMTP","smtp service for scan to email","Exact","0.1","Enabled","Paused","Enabled","","","","","","","","","","","","",""
"ScanInbox | ENG | Ireland | Desktop | EUR25","Printer SMTP","smtp2go scan to email","Exact","0.1","Enabled","Paused","Enabled","","","","","","","","","","","","",""
"ScanInbox | ENG | Ireland | Desktop | EUR25","Scan-to-Email Setup","brother scan to email not working","Exact","0.1","Enabled","Paused","Enabled","","","","","","","","","","","","",""
"ScanInbox | ENG | Ireland | Desktop | EUR25","Scan-to-Email Setup","brother scan to email smtp settings","Exact","0.1","Enabled","Paused","Enabled","","","","","","","","","","","","",""
"ScanInbox | ENG | Ireland | Desktop | EUR25","Scan-to-Email Setup","canon scan to email not working","Exact","0.1","Enabled","Paused","Enabled","","","","","","","","","","","","",""
"ScanInbox | ENG | Ireland | Desktop | EUR25","Scan-to-Email Setup","canon scan to email smtp settings","Exact","0.1","Enabled","Paused","Enabled","","","","","","","","","","","","",""
"ScanInbox | ENG | Ireland | Desktop | EUR25","Scan-to-Email Setup","comcast smtp settings for scanner","Exact","0.1","Enabled","Paused","Enabled","","","","","","","","","","","","",""
"ScanInbox | ENG | Ireland | Desktop | EUR25","Scan-to-Email Setup","epson scan to email smtp settings","Exact","0.1","Enabled","Paused","Enabled","","","","","","","","","","","","",""
"ScanInbox | ENG | Ireland | Desktop | EUR25","Scan-to-Email Setup","failed smtp authentication toshiba gmail","Exact","0.1","Enabled","Paused","Enabled","","","","","","","","","","","","",""
"ScanInbox | ENG | Ireland | Desktop | EUR25","Scan-to-Email Setup","gmail scan to email smtp settings","Exact","0.1","Enabled","Paused","Enabled","","","","","","","","","","","","",""
"ScanInbox | ENG | Ireland | Desktop | EUR25","Scan-to-Email Setup","gmail scanner smtp settings","Exact","0.1","Enabled","Paused","Enabled","","","","","","","","","","","","",""
"ScanInbox | ENG | Ireland | Desktop | EUR25","Scan-to-Email Setup","gmail smtp scan to email","Exact","0.1","Enabled","Paused","Enabled","","","","","","","","","","","","",""
"ScanInbox | ENG | Ireland | Desktop | EUR25","Scan-to-Email Setup","gmail smtp server scan to email","Exact","0.1","Enabled","Paused","Enabled","","","","","","","","","","","","",""
"ScanInbox | ENG | Ireland | Desktop | EUR25","Scan-to-Email Setup","gmail smtp server settings for hp printer","Exact","0.1","Enabled","Paused","Enabled","","","","","","","","","","","","",""
"ScanInbox | ENG | Ireland | Desktop | EUR25","Scan-to-Email Setup","gmail smtp server settings for scan to email","Exact","0.1","Enabled","Paused","Enabled","","","","","","","","","","","","",""
"ScanInbox | ENG | Ireland | Desktop | EUR25","Scan-to-Email Setup","gmail smtp settings for hp printer","Exact","0.1","Enabled","Paused","Enabled","","","","","","","","","","","","",""
"ScanInbox | ENG | Ireland | Desktop | EUR25","Scan-to-Email Setup","gmail smtp settings for ricoh printer","Exact","0.1","Enabled","Paused","Enabled","","","","","","","","","","","","",""
"ScanInbox | ENG | Ireland | Desktop | EUR25","Scan-to-Email Setup","gmail smtp settings for scan to email","Exact","0.1","Enabled","Paused","Enabled","","","","","","","","","","","","",""
"ScanInbox | ENG | Ireland | Desktop | EUR25","Scan-to-Email Setup","gmail smtp settings scan to email","Exact","0.1","Enabled","Paused","Enabled","","","","","","","","","","","","",""
"ScanInbox | ENG | Ireland | Desktop | EUR25","Scan-to-Email Setup","google smtp settings for scan to email","Exact","0.1","Enabled","Paused","Enabled","","","","","","","","","","","","",""
"ScanInbox | ENG | Ireland | Desktop | EUR25","Scan-to-Email Setup","hotmail smtp settings for scan to email","Exact","0.1","Enabled","Paused","Enabled","","","","","","","","","","","","",""
"ScanInbox | ENG | Ireland | Desktop | EUR25","Scan-to-Email Setup","how do i set up my kyocera scan to email","Exact","0.1","Enabled","Paused","Enabled","","","","","","","","","","","","",""
"ScanInbox | ENG | Ireland | Desktop | EUR25","Scan-to-Email Setup","how do i set up scan to email","Exact","0.1","Enabled","Paused","Enabled","","","","","","","","","","","","",""
"ScanInbox | ENG | Ireland | Desktop | EUR25","Scan-to-Email Setup","how do i setup my epson printer for email","Exact","0.1","Enabled","Paused","Enabled","","","","","","","","","","","","",""
"ScanInbox | ENG | Ireland | Desktop | EUR25","Scan-to-Email Setup","how do i setup my hp printer for email","Exact","0.1","Enabled","Paused","Enabled","","","","","","","","","","","","",""
"ScanInbox | ENG | Ireland | Desktop | EUR25","Scan-to-Email Setup","how do i setup my printer to scan to email","Exact","0.1","Enabled","Paused","Enabled","","","","","","","","","","","","",""
"ScanInbox | ENG | Ireland | Desktop | EUR25","Scan-to-Email Setup","how to configure scan to email","Exact","0.1","Enabled","Paused","Enabled","","","","","","","","","","","","",""
"ScanInbox | ENG | Ireland | Desktop | EUR25","Scan-to-Email Setup","how to set up brother printer to scan to email","Exact","0.1","Enabled","Paused","Enabled","","","","","","","","","","","","",""
"ScanInbox | ENG | Ireland | Desktop | EUR25","Scan-to-Email Setup","how to set up brother scanner to email","Exact","0.1","Enabled","Paused","Enabled","","","","","","","","","","","","",""
"ScanInbox | ENG | Ireland | Desktop | EUR25","Scan-to-Email Setup","how to set up email scan on hp printer","Exact","0.1","Enabled","Paused","Enabled","","","","","","","","","","","","",""
"ScanInbox | ENG | Ireland | Desktop | EUR25","Scan-to-Email Setup","how to set up hp printer scan to email","Exact","0.1","Enabled","Paused","Enabled","","","","","","","","","","","","",""
"ScanInbox | ENG | Ireland | Desktop | EUR25","Scan-to-Email Setup","how to set up hp printer to scan to email","Exact","0.1","Enabled","Paused","Enabled","","","","","","","","","","","","",""
"ScanInbox | ENG | Ireland | Desktop | EUR25","Scan-to-Email Setup","how to set up hp scan to email","Exact","0.1","Enabled","Paused","Enabled","","","","","","","","","","","","",""
"ScanInbox | ENG | Ireland | Desktop | EUR25","Scan-to-Email Setup","how to set up printer to scan to email","Exact","0.1","Enabled","Paused","Enabled","","","","","","","","","","","","",""
"ScanInbox | ENG | Ireland | Desktop | EUR25","Scan-to-Email Setup","how to set up scan to email","Exact","0.1","Enabled","Paused","Enabled","","","","","","","","","","","","",""
"ScanInbox | ENG | Ireland | Desktop | EUR25","Scan-to-Email Setup","how to set up scan to email on brother printer","Exact","0.1","Enabled","Paused","Enabled","","","","","","","","","","","","",""
"ScanInbox | ENG | Ireland | Desktop | EUR25","Scan-to-Email Setup","how to set up scan to email on epson printer","Exact","0.1","Enabled","Paused","Enabled","","","","","","","","","","","","",""
"ScanInbox | ENG | Ireland | Desktop | EUR25","Scan-to-Email Setup","how to set up scan to email on hp printer","Exact","0.1","Enabled","Paused","Enabled","","","","","","","","","","","","",""
"ScanInbox | ENG | Ireland | Desktop | EUR25","Scan-to-Email Setup","how to set up scan to email on konica minolta","Exact","0.1","Enabled","Paused","Enabled","","","","","","","","","","","","",""
"ScanInbox | ENG | Ireland | Desktop | EUR25","Scan-to-Email Setup","how to set up scan to email on ricoh","Exact","0.1","Enabled","Paused","Enabled","","","","","","","","","","","","",""
"ScanInbox | ENG | Ireland | Desktop | EUR25","Scan-to-Email Setup","how to setup a printer to scan to email","Exact","0.1","Enabled","Paused","Enabled","","","","","","","","","","","","",""
"ScanInbox | ENG | Ireland | Desktop | EUR25","Scan-to-Email Setup","how to setup scan to email for hp printer","Exact","0.1","Enabled","Paused","Enabled","","","","","","","","","","","","",""
"ScanInbox | ENG | Ireland | Desktop | EUR25","Scan-to-Email Setup","how to setup scan to email hp printer","Exact","0.1","Enabled","Paused","Enabled","","","","","","","","","","","","",""
"ScanInbox | ENG | Ireland | Desktop | EUR25","Scan-to-Email Setup","how to setup scan to email in hp printer","Exact","0.1","Enabled","Paused","Enabled","","","","","","","","","","","","",""
"ScanInbox | ENG | Ireland | Desktop | EUR25","Scan-to-Email Setup","how to setup scan to email on hp","Exact","0.1","Enabled","Paused","Enabled","","","","","","","","","","","","",""
"ScanInbox | ENG | Ireland | Desktop | EUR25","Scan-to-Email Setup","how to setup scan to email on hp printer mac","Exact","0.1","Enabled","Paused","Enabled","","","","","","","","","","","","",""
"ScanInbox | ENG | Ireland | Desktop | EUR25","Scan-to-Email Setup","hp how to setup scan to email","Exact","0.1","Enabled","Paused","Enabled","","","","","","","","","","","","",""
"ScanInbox | ENG | Ireland | Desktop | EUR25","Scan-to-Email Setup","hp scan to email not working","Exact","0.1","Enabled","Paused","Enabled","","","","","","","","","","","","",""
"ScanInbox | ENG | Ireland | Desktop | EUR25","Scan-to-Email Setup","hp scan to email smtp settings","Exact","0.1","Enabled","Paused","Enabled","","","","","","","","","","","","",""
"ScanInbox | ENG | Ireland | Desktop | EUR25","Scan-to-Email Setup","konica minolta gmail smtp settings","Exact","0.1","Enabled","Paused","Enabled","","","","","","","","","","","","",""
"ScanInbox | ENG | Ireland | Desktop | EUR25","Scan-to-Email Setup","konica minolta scan to email smtp settings","Exact","0.1","Enabled","Paused","Enabled","","","","","","","","","","","","",""
"ScanInbox | ENG | Ireland | Desktop | EUR25","Scan-to-Email Setup","konica minolta smtp settings gmail","Exact","0.1","Enabled","Paused","Enabled","","","","","","","","","","","","",""
"ScanInbox | ENG | Ireland | Desktop | EUR25","Scan-to-Email Setup","kyocera scan to email not working","Exact","0.1","Enabled","Paused","Enabled","","","","","","","","","","","","",""
"ScanInbox | ENG | Ireland | Desktop | EUR25","Scan-to-Email Setup","kyocera scan to email smtp settings","Exact","0.1","Enabled","Paused","Enabled","","","","","","","","","","","","",""
"ScanInbox | ENG | Ireland | Desktop | EUR25","Scan-to-Email Setup","multifunction printer scan to email setup","Exact","0.1","Enabled","Paused","Enabled","","","","","","","","","","","","",""
"ScanInbox | ENG | Ireland | Desktop | EUR25","Scan-to-Email Setup","outlook com smtp settings for scanner","Exact","0.1","Enabled","Paused","Enabled","","","","","","","","","","","","",""
"ScanInbox | ENG | Ireland | Desktop | EUR25","Scan-to-Email Setup","outlook smtp settings for scan to email","Exact","0.1","Enabled","Paused","Enabled","","","","","","","","","","","","",""
"ScanInbox | ENG | Ireland | Desktop | EUR25","Scan-to-Email Setup","printer scan to email setup","Exact","0.1","Enabled","Paused","Enabled","","","","","","","","","","","","",""
"ScanInbox | ENG | Ireland | Desktop | EUR25","Scan-to-Email Setup","printer smtp authentication error","Exact","0.1","Enabled","Paused","Enabled","","","","","","","","","","","","",""
"ScanInbox | ENG | Ireland | Desktop | EUR25","Scan-to-Email Setup","ricoh gmail smtp settings","Exact","0.1","Enabled","Paused","Enabled","","","","","","","","","","","","",""
"ScanInbox | ENG | Ireland | Desktop | EUR25","Scan-to-Email Setup","ricoh scan to email not working","Exact","0.1","Enabled","Paused","Enabled","","","","","","","","","","","","",""
"ScanInbox | ENG | Ireland | Desktop | EUR25","Scan-to-Email Setup","ricoh scan to email smtp settings","Exact","0.1","Enabled","Paused","Enabled","","","","","","","","","","","","",""
"ScanInbox | ENG | Ireland | Desktop | EUR25","Scan-to-Email Setup","ricoh scan to email smtp settings gmail","Exact","0.1","Enabled","Paused","Enabled","","","","","","","","","","","","",""
"ScanInbox | ENG | Ireland | Desktop | EUR25","Scan-to-Email Setup","scan to email gmail smtp","Exact","0.1","Enabled","Paused","Enabled","","","","","","","","","","","","",""
"ScanInbox | ENG | Ireland | Desktop | EUR25","Scan-to-Email Setup","scan to email gmail smtp settings","Exact","0.1","Enabled","Paused","Enabled","","","","","","","","","","","","",""
"ScanInbox | ENG | Ireland | Desktop | EUR25","Scan-to-Email Setup","scan to email outlook smtp settings","Exact","0.1","Enabled","Paused","Enabled","","","","","","","","","","","","",""
"ScanInbox | ENG | Ireland | Desktop | EUR25","Scan-to-Email Setup","scan to email smtp settings","Exact","0.1","Enabled","Paused","Enabled","","","","","","","","","","","","",""
"ScanInbox | ENG | Ireland | Desktop | EUR25","Scan-to-Email Setup","scan to email without gmail","Exact","0.1","Enabled","Paused","Enabled","","","","","","","","","","","","",""
"ScanInbox | ENG | Ireland | Desktop | EUR25","Scan-to-Email Setup","scan to gmail smtp settings","Exact","0.1","Enabled","Paused","Enabled","","","","","","","","","","","","",""
"ScanInbox | ENG | Ireland | Desktop | EUR25","Scan-to-Email Setup","scanner scan to email setup","Exact","0.1","Enabled","Paused","Enabled","","","","","","","","","","","","",""
"ScanInbox | ENG | Ireland | Desktop | EUR25","Scan-to-Email Setup","scanner smtp authentication failed","Exact","0.1","Enabled","Paused","Enabled","","","","","","","","","","","","",""
"ScanInbox | ENG | Ireland | Desktop | EUR25","Scan-to-Email Setup","smtp gmail scan to email","Exact","0.1","Enabled","Paused","Enabled","","","","","","","","","","","","",""
"ScanInbox | ENG | Ireland | Desktop | EUR25","Scan-to-Email Setup","smtp scan to email gmail","Exact","0.1","Enabled","Paused","Enabled","","","","","","","","","","","","",""
"ScanInbox | ENG | Ireland | Desktop | EUR25","Scan-to-Email Setup","smtp settings for gmail scan to email","Exact","0.1","Enabled","Paused","Enabled","","","","","","","","","","","","",""
"ScanInbox | ENG | Ireland | Desktop | EUR25","Scan-to-Email Setup","smtp settings for scan to email","Exact","0.1","Enabled","Paused","Enabled","","","","","","","","","","","","",""
"ScanInbox | ENG | Ireland | Desktop | EUR25","Scan-to-Email Setup","use gmail smtp for scanner","Exact","0.1","Enabled","Paused","Enabled","","","","","","","","","","","","",""
"ScanInbox | ENG | Ireland | Desktop | EUR25","Scan-to-Email Setup","xerox scan to email not working","Exact","0.1","Enabled","Paused","Enabled","","","","","","","","","","","","",""
"ScanInbox | ENG | Ireland | Desktop | EUR25","Scan-to-Email Setup","xerox scan to email smtp settings","Exact","0.1","Enabled","Paused","Enabled","","","","","","","","","","","","",""
"ScanInbox | ENG | Ireland | Desktop | EUR25","Scan-to-Email Setup","yahoo smtp settings for scan to email","Exact","0.1","Enabled","Paused","Enabled","","","","","","","","","","","","",""
"ScanInbox | ENG | Ireland | Desktop | EUR25","Microsoft 365 Alternative","alternative to office 365 scan to email","Exact","0.1","Enabled","Paused","Enabled","","","","","","","","","","","","",""
"ScanInbox | ENG | Ireland | Desktop | EUR25","Microsoft 365 Alternative","canon smtp settings for office 365","Exact","0.1","Enabled","Paused","Enabled","","","","","","","","","","","","",""
"ScanInbox | ENG | Ireland | Desktop | EUR25","Microsoft 365 Alternative","microsoft 365 scan to email not working","Exact","0.1","Enabled","Paused","Enabled","","","","","","","","","","","","",""
"ScanInbox | ENG | Ireland | Desktop | EUR25","Microsoft 365 Alternative","microsoft 365 smtp relay for printer","Exact","0.1","Enabled","Paused","Enabled","","","","","","","","","","","","",""
"ScanInbox | ENG | Ireland | Desktop | EUR25","Microsoft 365 Alternative","microsoft 365 smtp settings for scan to email","Exact","0.1","Enabled","Paused","Enabled","","","","","","","","","","","","",""
"ScanInbox | ENG | Ireland | Desktop | EUR25","Microsoft 365 Alternative","o365 smtp settings for scan to email","Exact","0.1","Enabled","Paused","Enabled","","","","","","","","","","","","",""
"ScanInbox | ENG | Ireland | Desktop | EUR25","Microsoft 365 Alternative","o365 smtp settings scan to email","Exact","0.1","Enabled","Paused","Enabled","","","","","","","","","","","","",""
"ScanInbox | ENG | Ireland | Desktop | EUR25","Microsoft 365 Alternative","office 365 scan to email not working","Exact","0.1","Enabled","Paused","Enabled","","","","","","","","","","","","",""
"ScanInbox | ENG | Ireland | Desktop | EUR25","Microsoft 365 Alternative","office 365 scan to email smtp settings","Exact","0.1","Enabled","Paused","Enabled","","","","","","","","","","","","",""
"ScanInbox | ENG | Ireland | Desktop | EUR25","Microsoft 365 Alternative","office 365 smtp relay for scanner","Exact","0.1","Enabled","Paused","Enabled","","","","","","","","","","","","",""
"ScanInbox | ENG | Ireland | Desktop | EUR25","Microsoft 365 Alternative","office 365 smtp server for scan to email","Exact","0.1","Enabled","Paused","Enabled","","","","","","","","","","","","",""
"ScanInbox | ENG | Ireland | Desktop | EUR25","Microsoft 365 Alternative","office 365 smtp server settings for scan to email","Exact","0.1","Enabled","Paused","Enabled","","","","","","","","","","","","",""
"ScanInbox | ENG | Ireland | Desktop | EUR25","Microsoft 365 Alternative","office 365 smtp settings for scan to email","Exact","0.1","Enabled","Paused","Enabled","","","","","","","","","","","","",""
"ScanInbox | ENG | Ireland | Desktop | EUR25","Microsoft 365 Alternative","office 365 smtp settings for scanner","Exact","0.1","Enabled","Paused","Enabled","","","","","","","","","","","","",""
"ScanInbox | ENG | Ireland | Desktop | EUR25","Microsoft 365 Alternative","office 365 smtp settings scan to email","Exact","0.1","Enabled","Paused","Enabled","","","","","","","","","","","","",""
"ScanInbox | ENG | Ireland | Desktop | EUR25","Microsoft 365 Alternative","scan to email external recipients office 365","Exact","0.1","Enabled","Paused","Enabled","","","","","","","","","","","","",""
"ScanInbox | ENG | Ireland | Desktop | EUR25","Microsoft 365 Alternative","scan to email oauth alternative","Exact","0.1","Enabled","Paused","Enabled","","","","","","","","","","","","",""
"ScanInbox | ENG | Ireland | Desktop | EUR25","Microsoft 365 Alternative","scan to email office 365 smtp settings","Exact","0.1","Enabled","Paused","Enabled","","","","","","","","","","","","",""
"ScanInbox | ENG | Ireland | Desktop | EUR25","Microsoft 365 Alternative","scan to email smtp server office 365","Exact","0.1","Enabled","Paused","Enabled","","","","","","","","","","","","",""
"ScanInbox | ENG | Ireland | Desktop | EUR25","Microsoft 365 Alternative","scan to email smtp settings office 365","Exact","0.1","Enabled","Paused","Enabled","","","","","","","","","","","","",""
"ScanInbox | ENG | Ireland | Desktop | EUR25","Microsoft 365 Alternative","scan to email without microsoft 365","Exact","0.1","Enabled","Paused","Enabled","","","","","","","","","","","","",""
"ScanInbox | ENG | Ireland | Desktop | EUR25","Microsoft 365 Alternative","scan to email without oauth","Exact","0.1","Enabled","Paused","Enabled","","","","","","","","","","","","",""
"ScanInbox | ENG | Ireland | Desktop | EUR25","Microsoft 365 Alternative","scan to email without office 365","Exact","0.1","Enabled","Paused","Enabled","","","","","","","","","","","","",""
"ScanInbox | ENG | Ireland | Desktop | EUR25","Microsoft 365 Alternative","scanner smtp office 365","Exact","0.1","Enabled","Paused","Enabled","","","","","","","","","","","","",""
"ScanInbox | ENG | Ireland | Desktop | EUR25","Microsoft 365 Alternative","smtp office 365 scan to email","Exact","0.1","Enabled","Paused","Enabled","","","","","","","","","","","","",""
"ScanInbox | ENG | Ireland | Desktop | EUR25","Microsoft 365 Alternative","smtp scan to email office 365","Exact","0.1","Enabled","Paused","Enabled","","","","","","","","","","","","",""
"ScanInbox | ENG | Ireland | Desktop | EUR25","Microsoft 365 Alternative","smtp server office 365 scan to email","Exact","0.1","Enabled","Paused","Enabled","","","","","","","","","","","","",""
"ScanInbox | ENG | Ireland | Desktop | EUR25","Microsoft 365 Alternative","smtp settings for office 365 scan to email","Exact","0.1","Enabled","Paused","Enabled","","","","","","","","","","","","",""
"ScanInbox | ENG | Ireland | Desktop | EUR25","Microsoft 365 Alternative","smtp settings office 365 scan to email","Exact","0.1","Enabled","Paused","Enabled","","","","","","","","","","","","",""
"ScanInbox | ENG | Ireland | Desktop | EUR25","Printer SMTP","","","","Enabled","Paused","Enabled","https://scaninbox.me/en/","Sign Up for ScanInbox","Printer Scan-to-Email SMTP","SMTP for Office Printers","Built by the inbox.eu Team","ScanInbox by inbox.eu","Simpler Printer Email Setup","Office printer SMTP from the inbox.eu team. Sign up for ScanInbox.","Looking for SMTP for your office printer? Sign up and tell us your printer model.","Scan-to-email for office printers. Sign up for ScanInbox by inbox.eu.","printer-smtp","sign-up","1"
"ScanInbox | ENG | Ireland | Desktop | EUR25","Scan-to-Email Setup","","","","Enabled","Paused","Enabled","https://scaninbox.me/en/","Sign Up for ScanInbox","Office Printer Email Setup","A Simpler SMTP Setup","Built by the inbox.eu Team","ScanInbox by inbox.eu","Your Scan-to-Email Setup","Simpler scan-to-email setup for office printers. Sign up for ScanInbox.","From the inbox.eu team. Sign up and tell us about your printer email setup.","Office printer email setup with ScanInbox. Sign up and share your printer model.","printer-email","sign-up","1"
"ScanInbox | ENG | Ireland | Desktop | EUR25","Microsoft 365 Alternative","","","","Enabled","Paused","Enabled","https://scaninbox.me/en/","Sign Up for ScanInbox","Printer SMTP Beyond Your 365","SMTP for Office Printers","Built by the inbox.eu Team","ScanInbox by inbox.eu","A Separate Printer SMTP Setup","Looking beyond your Microsoft 365 SMTP setup? Sign up for ScanInbox by inbox.eu.","A separate SMTP approach for office printers. Sign up and tell us your printer model.","Printer SMTP from the inbox.eu team. Sign up for ScanInbox.","printer-smtp","sign-up","1"
